ZIPCODE,GEOID20,CLASSFP20,MTFCC20,FUNCSTAT20,ALAND20,AWATER20,INTPTLAT20,INTPTLON20,INCIDENT_COUNT,AVG_RESPONSE_SEC,BOROUGH,AVG_RESPONSE_MIN,total_population,total_households,median_age,median_household_income,median_home_value,median_gross_rent,poverty_rate,unemployment_rate,college_degree_rate,graduate_degree_rate,renter_rate,pct_white,pct_black,pct_asian,pct_hispanic,pct_native_american,pct_pacific_islander,pct_other_race,pct_two_or_more_races,diversity_index
10152,10152,B5,G6350,S,12423,0,+40.7584035,-073.9720314,41,654.390243902439,MANHATTAN,10.90650406504065,0,0,-666666666.0,-666666666,-666666666,-666666666,0.0,0.0,0.0,0.0,0.0,0.0,0.0,0.0,0.0,0.0,0.0,0.0,0.0,1.0
10153,10153,B5,G6350,S,12281,0,+40.7636221,-073.9724387,340,669.9323529411764,MANHATTAN,11.165539215686273,0,0,-666666666.0,-666666666,-666666666,-666666666,0.0,0.0,0.0,0.0,0.0,0.0,0.0,0.0,0.0,0.0,0.0,0.0,0.0,1.0
10168,10168,B5,G6350,S,13211,0,+40.7514484,-073.9771032,797,464.5909661229611,MANHATTAN,7.743182768716019,0,0,-666666666.0,-666666666,-666666666,-666666666,0.0,0.0,0.0,0.0,0.0,0.0,0.0,0.0,0.0,0.0,0.0,0.0,0.0,1.0
11229,11229,B5,G6350,S,5199254,143662,+40.6012928,-073.9444926,50938,542.4096941379717,BROOKLYN,9.040161568966194,81109,30751,42.2,72799,809600,1586,15.682442294846737,4.494858475564508,41.38966552759656,16.93590141866004,51.65685668758739,60.57897397329519,6.249614715999457,24.04295454265248,8.831325746834507,0.2391843075367715,0.0690428928972124,3.7024251316130146,5.117804436005868,0.5595112400503199
11363,11363,B5,G6350,S,2239195,34217,+40.7723479,-073.7462919,2801,623.9225276686898,QUEENS,10.398708794478162,7365,2855,46.3,112625,986000,2334,8.920570264765784,6.238435104414486,56.37596189080249,27.647489923048735,28.86164623467601,55.01697216564834,0.6245756958587916,30.902919212491515,12.423625254582484,0.8689748811948405,0.0,1.5207060420909708,11.065852002715546,0.5737885053847738
11422,11422,B5,G6350,S,5436200,137648,+40.6607865,-073.7375702,21303,590.0739801905835,QUEENS,9.834566336509726,32296,10019,42.0,101416,599100,2115,8.352783742569944,7.232332781848262,29.88717862685065,10.741098016189238,30.97115480586885,7.607753282140203,80.65704731236066,2.4213524894723806,8.895838493931137,0.11456527124102055,0.0,3.5515234084716374,5.647758236314095,0.3307040301643166
10005,10005,B5,G6350,S,188727,0,+40.7062151,-074.0086868,7819,531.3564394423839,MANHATTAN,8.855940657373065,8801,4881,29.6,189886,1750000,3501,5.181229405749347,3.4362882738334,88.7459807073955,32.18357205495469,83.32308953083385,70.82149755709578,4.783547324167708,11.191910010226112,8.578570616975343,0.0,0.0,3.3746165208499033,9.828428587660493,0.46545963900947573
10170,10170,B5,G6350,S,24921,0,+40.7526253,-073.9758766,141,636.0780141843971,MANHATTAN,10.601300236406619,0,0,-666666666.0,-666666666,-666666666,-666666666,0.0,0.0,0.0,0.0,0.0,0.0,0.0,0.0,0.0,0.0,0.0,0.0,0.0,1.0
10173,10173,B5,G6350,S,12297,0,+40.7541306,-073.9793637,43,384.8139534883721,MANHATTAN,6.413565891472868,0,0,-666666666.0,-666666666,-666666666,-666666666,0.0,0.0,0.0,0.0,0.0,0.0,0.0,0.0,0.0,0.0,0.0,0.0,0.0,1.0
10312,10312,B5,G6350,S,17797576,137541,+40.5452374,-074.1804434,28956,526.479969609062,RICHMOND / STATEN ISLAND,8.774666160151034,63473,21324,40.9,107414,665100,1773,5.844053474586959,3.984233864345541,39.15422318477146,15.581899008320985,18.059463515287938,82.7438438391127,0.9815197012903124,8.676130008034914,12.821199565169442,0.10555669339719252,0.0,1.7661052731082507,5.726844485056638,0.28769075177910397
11357,11357,B5,G6350,S,7341415,2281,+40.7851288,-073.8100365,16735,542.5567971317598,QUEENS,9.042613285529331,42792,15508,47.3,95987,906800,2184,7.248527679623086,7.909921871010571,36.73726280013847,14.765396355854863,24.651792623162237,61.1165638437091,0.7220975883342682,26.135726303982054,14.811179659749484,0.2220041129183025,0.21966722751916246,5.045335576743317,6.538605346793794,0.5293490656180645
11413,11413,B5,G6350,S,7812635,43490,+40.6711705,-073.7520631,30047,543.6942456817652,QUEENS,9.061570761362754,44832,13512,40.3,111065,612700,1970,6.01513892320478,5.013939523911644,28.633564035811798,12.102355705124134,26.835405565423326,1.7688258386866522,87.37955032119913,1.6907566024268381,6.769718058529622,0.0936830835117773,0.0,6.299072091363311,2.768112062812277,0.22656481702121767
10154,10154,B5,G6350,S,12382,0,+40.7577785,-073.9724875,116,554.9396551724138,MANHATTAN,9.248994252873564,0,0,-666666666.0,-666666666,-666666666,-666666666,0.0,0.0,0.0,0.0,0.0,0.0,0.0,0.0,0.0,0.0,0.0,0.0,0.0,1.0
10177,10177,B5,G6350,S,5421,0,+40.7551387,-073.9759337,33,438.1515151515151,MANHATTAN,7.302525252525252,0,0,-666666666.0,-666666666,-666666666,-666666666,0.0,0.0,0.0,0.0,0.0,0.0,0.0,0.0,0.0,0.0,0.0,0.0,0.0,1.0
10282,10282,B5,G6350,S,177847,0,+40.7163808,-074.0150041,3002,505.3301132578281,MANHATTAN,8.422168554297135,6450,2635,38.7,250001,2000001,3501,5.782945736434108,3.4174553101997898,80.11160714285714,48.794642857142854,90.89184060721063,74.62015503875969,2.1240310077519378,13.72093023255814,4.310077519379845,0.0,0.0,0.0,9.534883720930234,0.4129566252028123
10465,10465,B5,G6350,S,10153865,3147,+40.8273295,-073.8221698,35098,581.4211635990655,BRONX,9.690352726651092,46311,16168,37.9,85946,587400,1680,13.831036819516603,7.005796971194895,29.282759947417357,11.218698900253294,44.88495794161306,47.828809570080544,15.531947053615772,4.936192265336529,46.78802012480836,0.12308090950314181,0.27207358942799764,18.45997711126946,12.847919500766555,0.47517498111576895
11693,11693,B5,G6350,S,2560690,3120,+40.5916616,-073.8096677,14286,434.94470110597786,QUEENS,7.249078351766298,13558,5274,44.2,72714,458800,1137,17.87077936662424,9.342616580310882,35.69141794898275,13.425591242383557,54.929844520288206,56.17347691399911,23.83832423661307,3.3707036436052515,25.61587254757339,0.1696415400501549,0.0,6.778285882873581,9.66956778285883,0.5469265740686602
10044,10044,B5,G6350,S,595879,0,+40.7619065,-073.9499670,7980,716.3398496240602,QUEENS,11.938997493734337,11846,5039,39.9,120759,932000,3082,10.072793448589627,4.616998950682056,69.09171075837742,45.10582010582011,79.26175828537409,45.21357420226237,13.506668917778153,28.878946479824414,10.695593449265575,0.0,0.0,6.0442343407057235,6.356576059429344,0.6747974505620827
10271,10271,B5,G6350,S,6779,0,+40.7082356,-074.0105414,151,505.6622516556291,MANHATTAN,8.427704194260485,0,0,-666666666.0,-666666666,-666666666,-666666666,0.0,0.0,0.0,0.0,0.0,0.0,0.0,0.0,0.0,0.0,0.0,0.0,0.0,1.0
11209,11209,B5,G6350,S,5473452,0,+40.6218034,-074.0301497,46751,429.6227246476011,BROOKLYN,7.160378744126685,71812,30179,40.6,88546,935000,1801,10.693180226858983,5.699289576927155,52.810353334092376,22.919275873847205,63.81589847244773,67.04311257171504,3.379657995878126,13.52420208321729,19.743218403609426,0.824374756308138,0.0459533225644739,7.625466495850277,7.557232774466663,0.4805159041673419
11214,11214,B5,G6350,S,5242819,0,+40.5996903,-073.9963717,58609,513.5345254141855,BROOKLYN,8.558908756903092,90796,31366,40.6,60152,947700,1666,19.556005383101066,7.209878831406528,32.02792862684251,11.65089216446858,66.32021934578843,43.64399312745055,2.161989514956606,36.71527380060795,17.602097008678797,0.704876866822327,0.008810960835279087,11.436627164192254,5.328428565135028,0.627299699497482
11224,11224,B5,G6350,S,4017284,87258,+40.5773723,-073.9887059,78240,542.5338829243353,BROOKLYN,9.042231382072256,47893,19486,49.4,40467,500700,925,28.57387031300075,10.584812336339832,33.882695104217156,15.28898520144849,70.04002873858155,51.235044787338445,21.383083122794563,9.483640615538805,19.46213434113545,0.3507819514334036,0.0,11.44008518990249,6.1073643329922955,0.6280721333140395
10103,10103,B5,G6350,S,24776,0,+40.7607797,-073.9776696,456,729.6008771929825,MANHATTAN,12.160014619883041,0,0,-666666666.0,-666666666,-666666666,-666666666,0.0,0.0,0.0,0.0,0.0,0.0,0.0,0.0,0.0,0.0,0.0,0.0,0.0,1.0
10112,10112,B5,G6350,S,24865,0,+40.7589044,-073.9790441,817,736.1676866585067,MANHATTAN,12.269461444308444,0,0,-666666666.0,-666666666,-666666666,-666666666,0.0,0.0,0.0,0.0,0.0,0.0,0.0,0.0,0.0,0.0,0.0,0.0,0.0,1.0
10169,10169,B5,G6350,S,5396,0,+40.7545147,-073.9763929,243,517.7654320987655,MANHATTAN,8.629423868312758,0,0,-666666666.0,-666666666,-666666666,-666666666,0.0,0.0,0.0,0.0,0.0,0.0,0.0,0.0,0.0,0.0,0.0,0.0,0.0,1.0
10304,10304,B5,G6350,S,9041054,19194,+40.6059650,-074.0935352,46445,482.2235547421682,RICHMOND / STATEN ISLAND,8.037059245702803,44864,15553,38.8,69479,653100,1365,17.017168861614838,6.075199110946471,30.891069866873966,10.873578855310466,50.13180736835338,45.14978601997147,27.36938302425107,12.47993937232525,21.6989122681883,0.744472182596291,0.08692938659058488,8.037624821683309,6.131865192582025,0.6483057035800128
10803,10803,B5,G6350,S,5729978,113499,+40.8995323,-073.8058833,1,794.0,BRONX,13.233333333333333,13283,4302,39.6,213674,927000,2203,2.4768501091620867,5.700892182065628,72.26051818397909,41.276444021868315,18.735471873547187,74.56146954754198,7.069186177821275,6.730407287510351,11.051720243920801,0.0,0.0,2.010088082511481,9.628848904614921,0.4126419777761252
11231,11231,B5,G6350,S,3690567,66967,+40.6779162,-074.0051543,30334,511.65975473066527,BROOKLYN,8.52766257884442,38829,16498,37.7,130396,1836600,2309,13.93370792308882,7.457330415754923,69.05368092659661,33.140890020439635,69.34173839253242,64.50075974143037,12.768806819645109,5.547400139071312,14.968193875711453,0.32449972958355866,1.1795307630894436,6.361224857709444,9.317777949470758,0.5293006328475447
11356,11356,B5,G6350,S,4096028,0,+40.7848710,-073.8415275,12892,650.5448340055849,QUEENS,10.842413900093081,27632,8391,38.7,86717,856500,2034,9.494817713995795,9.653267427491459,23.463104060118987,8.203736561945517,49.0525563103325,27.012159814707587,0.9264620729588882,32.87492762015055,41.723364215402434,0.07961783439490447,0.13752171395483495,32.520266357845976,6.449044585987261,0.5348701751412139
11371,11371,B5,G6350,S,2837110,0,+40.7744111,-073.8732723,46,665.1739130434783,QUEENS,11.086231884057971,0,0,-666666666.0,-666666666,-666666666,-666666666,0.0,0.0,0.0,0.0,0.0,0.0,0.0,0.0,0.0,0.0,0.0,0.0,0.0,1.0
10020,10020,B5,G6350,S,46754,0,+40.7591745,-073.9807149,2663,648.2745024408562,MANHATTAN,10.804575040680936,0,0,-666666666.0,-666666666,-666666666,-666666666,0.0,0.0,0.0,0.0,0.0,0.0,0.0,0.0,0.0,0.0,0.0,0.0,0.0,1.0
10111,10111,B5,G6350,S,24769,0,+40.7595312,-073.9785852,195,715.1076923076923,MANHATTAN,11.918461538461539,0,0,-666666666.0,-666666666,-666666666,-666666666,0.0,0.0,0.0,0.0,0.0,0.0,0.0,0.0,0.0,0.0,0.0,0.0,0.0,1.0
10115,10115,B5,G6350,S,6618,0,+40.8108520,-073.9637437,56,692.3571428571429,MANHATTAN,11.539285714285715,0,0,-666666666.0,-666666666,-666666666,-666666666,0.0,0.0,0.0,0.0,0.0,0.0,0.0,0.0,0.0,0.0,0.0,0.0,0.0,1.0
11691,11691,B5,G6350,S,6949954,254400,+40.6020960,-073.7617938,75528,458.8150752038979,QUEENS,7.646917920064965,70365,21687,33.7,59153,632300,1424,18.88376735856258,9.544723078986188,25.0987275120667,10.983580055887856,71.89099460506294,28.903574220137852,43.42073474028281,4.232217721878775,25.757123569956654,0.2117530022027997,0.05116179918993818,12.081290414268457,11.099268102039366,0.6328683323133096
11368,11368,B5,G6350,S,6821040,99467,+40.7497368,-073.8530446,73777,570.8490450953549,QUEENS,9.514150751589249,112750,30123,34.6,69391,797200,1884,17.3296864985873,5.2928686977622,13.652656453283063,3.1104797812176406,78.03339640806028,21.583148558758314,9.37560975609756,11.910421286031042,75.85720620842572,0.8,0.0,45.34722838137472,10.98359201773836,0.13724413555488923
11692,11692,B5,G6350,S,2631023,255912,+40.5941540,-073.7919860,23566,441.46121531019264,QUEENS,7.357686921836544,24584,8128,37.1,57687,591800,1305,22.138338253901306,7.787180410514945,28.624919302775986,12.453195610071013,64.0871062992126,19.10999023755288,57.80182232346242,4.592417832736739,24.90644321509925,0.195248942401562,0.0,6.772697689554182,11.527822974292222,0.5473538135359892
10162,10162,B5,G6350,S,33146,0,+40.7692674,-073.9497953,516,564.9302325581396,MANHATTAN,9.415503875968993,1523,896,66.3,105391,-666666666,3501,6.6973079448457,0.0,66.1741835147745,30.870917573872475,100.0,92.71175311884438,0.5909389363099147,2.8890347997373604,9.914642153644124,0.0,0.0,0.5252790544977018,3.282994090610637,0.12864810054110132
10171,10171,B5,G6350,S,12470,0,+40.7558993,-073.9738583,36,672.8888888888889,MANHATTAN,11.214814814814815,0,0,-666666666.0,-666666666,-666666666,-666666666,0.0,0.0,0.0,0.0,0.0,0.0,0.0,0.0,0.0,0.0,0.0,0.0,0.0,1.0
10172,10172,B5,G6350,S,12415,0,+40.7552733,-073.9743148,208,593.2259615384615,MANHATTAN,9.887099358974359,0,0,-666666666.0,-666666666,-666666666,-666666666,0.0,0.0,0.0,0.0,0.0,0.0,0.0,0.0,0.0,0.0,0.0,0.0,0.0,1.0
10305,10305,B5,G6350,S,10411102,42337,+40.5965488,-074.0757794,34973,481.7706516455551,RICHMOND / STATEN ISLAND,8.029510860759252,42211,15780,43.5,84764,614700,1517,8.820357990079792,5.914691943127962,32.528512882422085,12.707691330177589,34.22053231939163,65.55400251119377,4.747577645637393,20.144038283859658,14.861055175191302,0.16109544905356424,0.033166710099263225,3.6270166544265714,5.733102745729786,0.5007449253280414
10306,10306,B5,G6350,S,18722812,100088,+40.5717144,-074.1242640,40124,498.1761290000997,RICHMOND / STATEN ISLAND,8.302935483334995,56232,19872,42.2,94758,653300,1579,9.762570834229969,6.7365100822349895,32.24138363832618,13.364460175213996,27.576489533011273,72.26134585289515,3.9817185943946507,13.952909375444586,16.182956323801395,0.15827286954047518,0.16360791008678333,2.146464646464646,7.335680751173709,0.4247400716734754
10307,10307,B5,G6350,S,4179217,289,+40.5077532,-074.2420912,6792,599.3596878680801,RICHMOND / STATEN ISLAND,9.989328131134668,14755,5217,42.6,124738,785200,1449,4.6440677966101696,0.8602150537634409,38.82783882783883,18.948618948618947,19.18727237876174,90.70823449678075,0.06777363605557439,2.19586580820061,10.552355133852931,0.0,0.09488309047780413,1.2605896306336835,5.6726533378515756,0.16220604907835567
11354,11354,B5,G6350,S,5572757,59468,+40.7682126,-073.8273924,49844,507.1119492817591,QUEENS,8.451865821362652,53371,20980,47.7,56854,513300,1707,18.75229712738176,4.405121887482734,30.334232056526588,10.835812569728525,61.79694947569113,16.653238650203296,2.9304303835416237,66.5773547432126,13.503588090910796,0.3428828389949598,0.4834085926814187,9.216615765115888,3.796069026250211,0.49994837655714364
11377,11377,B5,G6350,S,6557544,0,+40.7447750,-073.9051603,50247,515.3401397098335,QUEENS,8.589002328497225,86977,33239,39.5,72273,645900,1743,10.129235472589574,5.383209717295496,32.04564872452093,10.531856462834128,69.3552754294654,33.81813582901227,2.4201800475987905,36.698207572116765,39.4161674925555,0.7898639870310541,0.0,10.001494648010393,16.272117916230727,0.5584648116988418
11430,11430,B5,G6350,S,18446520,904474,+40.6469645,-073.7872953,12474,726.010582010582,QUEENS,12.100176366843034,332,0,29.5,-666666666,-666666666,-666666666,56.42023346303502,43.39622641509434,9.0,3.0,0.0,36.74698795180723,52.108433734939766,1.8072289156626504,25.301204819277107,0.0,0.0,9.33734939759036,0.0,0.5203766874727827
10110,10110,B5,G6350,S,26711,0,+40.7544986,-073.9822564,80,717.3375,MANHATTAN,11.955625,0,0,-666666666.0,-666666666,-666666666,-666666666,0.0,0.0,0.0,0.0,0.0,0.0,0.0,0.0,0.0,0.0,0.0,0.0,0.0,1.0
10119,10119,B5,G6350,S,65943,0,+40.7506440,-073.9927333,673,568.9539375928678,MANHATTAN,9.482565626547796,0,0,-666666666.0,-666666666,-666666666,-666666666,0.0,0.0,0.0,0.0,0.0,0.0,0.0,0.0,0.0,0.0,0.0,0.0,0.0,1.0
10301,10301,B5,G6350,S,9732406,12647,+40.6275046,-074.0943767,58629,517.9894079721639,RICHMOND / STATEN ISLAND,8.633156799536065,40331,14400,36.8,84855,642300,1643,12.775375482946549,7.109989609618525,39.74762291894949,18.910607613728747,53.923611111111114,51.42942153678312,21.53678311968461,7.793012818923409,26.289950658302548,0.7909548486276066,0.012397411420495401,7.237608787285215,11.199821477275545,0.5960844273486642
11694,11694,B5,G6350,S,4525516,0,+40.5753139,-073.8512354,19522,455.58907898780865,QUEENS,7.593151316463477,21788,7994,44.0,100190,810500,1688,12.360563915127926,7.318990077610767,43.31234497233352,21.07740253132354,47.44808606454841,77.80888562511474,7.499541031760602,2.304020561777125,17.38112722599596,0.08261428309161005,0.0,6.517348999449238,5.787589498806683,0.35061432523883107
10303,10303,B5,G6350,S,8208234,38279,+40.6298846,-074.1741296,24900,542.209437751004,RICHMOND / STATEN ISLAND,9.036823962516733,27083,8675,36.3,78578,433600,1399,17.956117956117957,7.946200819355337,27.468219745757967,9.206473651789214,36.20749279538905,33.57456707159473,32.381937008455495,9.784735812133071,39.039249713842636,0.2916958977956652,0.0,10.28320348558136,13.683860724439686,0.5911277123653879
10463,10463,B5,G6350,S,7129840,374037,+40.8863455,-073.9015473,65269,640.3549004887466,BRONX,10.672581674812443,70296,29607,41.4,66780,349300,1592,19.157054386428342,8.50058676616616,42.51163348045775,20.98020810449162,65.49126895666565,41.45186070331171,15.525776715602596,3.8949584613633776,52.33583703197906,1.560543985433026,0.0,24.876237623762375,12.690622510526914,0.45041685668078224
10003,10003,B5,G6350,S,1480445,0,+40.7318636,-073.9891252,72779,492.46231742673024,MANHATTAN,8.207705290445505,53877,24987,32.2,152863,1111000,2731,12.13846912694498,4.743001646671371,81.95886016229478,38.10961636966543,64.27342217953336,67.77474618111624,5.38077472762032,16.747406128774802,10.2845370009466,0.09466005902333093,0.0501141488947046,2.479722330493532,7.472576424077064,0.4929383836845196
10004,10004,B5,G6350,S,1179938,0,+40.6898053,-074.0173890,12965,516.3956035480139,MANHATTAN,8.606593392466898,4579,2123,34.6,232543,1792200,3501,3.079947575360419,0.35065349059611095,94.47852760736197,50.1952035694367,57.93688177107866,57.93841450098275,5.809128630705394,30.989298973575018,5.0010919414719375,0.0,0.0,0.3930989298973575,4.870058964839485,0.5600174577093857
10006,10006,B5,G6350,S,250630,0,+40.7094897,-074.0130536,4702,575.2730752871119,MANHATTAN,9.58788458811853,3736,2046,32.0,204574,1066700,3501,7.334047109207709,4.495960660344222,84.3037112700034,44.53524004085802,82.25806451612904,68.25481798715204,6.022483940042826,18.30835117773019,5.4336188436830835,0.0,0.0,3.4261241970021414,3.9882226980728053,0.49126453248444446
10466,10466,B5,G6350,S,5218976,5140,+40.8909641,-073.8462394,77716,636.0797905193268,BRONX,10.60132984198878,72273,24622,37.3,60892,577600,1474,19.836306400839455,10.225810225810225,24.251797529549133,9.025544380031546,60.1575826496629,8.328144673667898,64.21208473427144,2.590178904985264,29.356744565743774,0.4787403317974901,0.013836425774493934,17.84760560651972,6.529409322983687,0.4577523106370135
10007,10007,B5,G6350,S,414129,0,+40.7138682,-074.0078656,18763,561.1355859937111,MANHATTAN,9.35225976656185,7506,3084,34.7,250001,2000001,3501,2.1698786581013563,2.199956436506208,85.3364519611371,34.04102195034185,65.85603112840467,72.88835598188116,8.606448174793499,16.000532907007727,12.86970423661071,0.0,0.0,1.465494271249667,1.0391686650679457,0.41883427266535656
10009,10009,B5,G6350,S,1597304,0,+40.7263919,-073.9786045,67435,520.0131089197005,MANHATTAN,8.666885148661674,58418,29670,38.2,83344,714100,1832,22.633166518132583,4.780056876626127,62.27704795471537,24.966356936879205,90.4448938321537,56.04094628367968,7.663733780684036,13.875860180081482,24.625971447156697,0.22253415043308572,0.008559005785887912,12.299291314320929,9.889075285014892,0.5752585587183272
10010,10010,B5,G6350,S,955081,0,+40.7390445,-073.9826162,34980,485.26849628359065,MANHATTAN,8.087808271393177,32410,16050,35.8,150288,1093900,2899,8.23369655218097,2.316641894316027,80.42449868129108,37.92439402185289,71.16510903426791,66.89910521443998,8.49429188522061,15.634063560629436,9.830299290342486,0.23141005862388153,0.018512804689910522,2.699784017278618,6.022832459117556,0.5067680761410733
10308,10308,B5,G6350,S,5660015,64656,+40.5528280,-074.1515250,13807,527.7141305135076,RICHMOND / STATEN ISLAND,8.79523550855846,30075,10472,42.0,122647,630000,1668,5.328277788864498,5.0603008827551905,40.48654525686327,17.373380447585397,20.86516424751719,85.7522859517872,0.7115544472152951,6.896093100581879,11.039068994181214,0.08645054031587697,0.0,2.1014131338320863,4.452202826267664,0.24523764791401925
10309,10309,B5,G6350,S,18787995,199296,+40.5298420,-074.2197775,17004,511.5437544107269,RICHMOND / STATEN ISLAND,8.525729240178782,34740,11792,40.8,110123,699200,1983,7.243571222190119,4.146997311024799,37.19357916130905,15.960844497905347,20.022048846675712,88.69890616004605,0.4922279792746114,4.116292458261371,9.562464018422567,0.18422567645365573,0.0,3.5348301669545195,2.973517559009787,0.20025064058393827
10467,10467,B5,G6350,S,6036068,0,+40.8752616,-073.8720265,133389,639.1515492281973,BRONX,10.652525820469954,98713,38433,35.9,46228,411000,1482,25.45254226816862,11.007075371774775,21.552738795835218,8.411045722046175,86.3242525954258,18.97622400291755,31.99274664937749,6.337564454529798,52.948446506539156,1.0758461398194767,0.03849543626472703,31.24816386899395,10.330959448097008,0.46883289786317817
10468,10468,B5,G6350,S,2709578,45100,+40.8689403,-073.8999950,97383,613.8446443424417,BRONX,10.230744072374028,81397,28228,33.4,43985,278200,1508,26.374449284225506,11.623673809028501,15.051668481271369,5.4476343285007545,92.39407680317416,12.7817978549578,23.94559996068651,2.30106760691426,77.97216113615981,0.9017531358649581,0.30590808015037413,46.66019632173176,13.103677039694336,0.0828494050528199
10011,10011,B5,G6350,S,1677161,0,+40.7418410,-074.0005288,61082,511.43711731770406,MANHATTAN,8.523951955295068,50772,28874,42.5,145934,1151800,2637,9.462690837744486,4.500880798590722,78.86016283388088,39.65147836023426,63.4342314885364,73.50311195146931,4.618687465532183,8.900575120144962,13.90924131411014,0.1181753722524226,0.0,4.660048845820531,8.199401244780589,0.42143128267050645
10012,10012,B5,G6350,S,839030,0,+40.7256254,-073.9979364,28744,550.7485736153632,MANHATTAN,9.179142893589386,21216,11529,34.8,126890,1455300,2624,12.249926086528037,5.133697229323568,82.90796597061099,33.577250282586704,79.57325006505334,70.56466817496229,2.8186274509803924,17.411387631975867,10.279977375565611,0.2780920060331825,0.0,3.030731523378582,5.896493212669683,0.45598172895993005
10469,10469,B5,G6350,S,6282642,0,+40.8685089,-073.8466905,64647,596.4813989821647,BRONX,9.941356649702746,71862,23337,39.7,76731,615600,1634,15.669859900463162,8.370325238634056,28.185723462341418,10.679299823349927,48.79376098041736,15.453229801564108,55.087528874787786,5.612145501099329,29.548300910077646,0.7597895967270601,0.013915560379616486,16.360524338315106,6.712866327126993,0.5508656782546877
10013,10013,B5,G6350,S,1409917,0,+40.7200512,-074.0048091,52438,624.1534002059575,MANHATTAN,10.402556670099292,29453,12753,40.2,150675,2000001,2113,10.06303056800379,4.423874496603955,70.53102949158676,27.315903745250587,70.52458245118795,57.783587410450544,3.273011238243982,29.69816317522833,8.308151970936747,0.17655247343224797,0.0,2.5837775438834756,6.484908158761417,0.565057702725876
10310,10310,B5,G6350,S,4668227,0,+40.6326122,-074.1161485,21541,483.63005431502717,RICHMOND / STATEN ISLAND,8.060500905250453,26239,9145,36.7,105523,596200,1660,13.899850580437532,4.152383920224369,32.44068187053674,14.530062197650311,41.62930563149262,51.97225504020733,23.346926331033956,5.255535653035557,29.044552002744005,0.655512786310454,0.0,8.59026639734746,10.179503792065246,0.5704754409645405
10470,10470,B5,G6350,S,3718691,3169,+40.8895274,-073.8725845,20305,674.7273085446934,BRONX,11.245455142411556,15390,6351,38.6,75750,536400,1581,10.726191254330349,4.9690946551933095,38.50073408757233,10.54495206839969,63.32860966776885,43.39831059129305,34.64587394411956,2.02729044834308,22.77452891487979,1.2215724496426252,0.0,12.059779077322936,6.647173489278753,0.6202345556573068
10014,10014,B5,G6350,S,1255850,0,+40.7341455,-074.0060262,30396,552.167620739571,MANHATTAN,9.202793678992851,29461,17504,39.8,147267,1427900,2852,6.1950247388675095,7.604842793352668,84.78473772867943,36.79241587338896,71.58363802559415,82.00332643155357,2.2063066426801536,5.6413563694375615,11.102813889548894,0.1629272597671498,0.0,1.754862360408676,8.23122093615288,0.30446302019098637
10016,10016,B5,G6350,S,1423936,0,+40.7451856,-073.9780461,74110,475.3330184860343,MANHATTAN,7.922216974767238,54369,30162,33.3,145864,953300,3048,9.434850567785917,4.098066369185003,81.89195402298851,40.27816091954023,72.73390358729527,63.84336662436315,4.787654729717302,19.351100811123985,12.481377255421288,0.04966065220989903,0.02758925122772168,1.528444518015781,10.412183413342161,0.5260100086036846
10464,10464,B5,G6350,S,7908514,402,+40.8695935,-073.7958478,4490,721.6501113585746,BRONX,12.027501855976244,4292,1990,49.4,129109,630700,1794,4.240447343895619,7.911683532658693,54.38292964244521,29.06574394463668,33.768844221105525,76.72413793103449,1.537744641192917,2.4464119291705497,28.890959925442683,0.0,0.0,13.956197576887233,5.335507921714818,0.304712640782956
10017,10017,B5,G6350,S,771547,0,+40.7523960,-073.9726775,39360,537.8409806910569,MANHATTAN,8.964016344850949,14486,9155,41.2,139964,850100,2854,7.205648231466741,4.906780447082831,85.86795541351626,43.80699976615481,69.42654287274713,68.68010492889687,3.1823829904735605,20.95126328869253,2.857931796217037,0.14496755488057436,0.2761286759629988,1.7050945740715175,5.060057987021952,0.47971836209375074
10018,10018,B5,G6350,S,891039,0,+40.7553269,-073.9926959,57238,602.2316642789755,MANHATTAN,10.037194404649592,8659,4704,33.2,149118,911900,3501,12.960609911054638,4.900854425278092,76.48637766742719,35.51201181049524,87.58503401360545,51.10289871809678,6.282480655964892,29.541517496246676,13.269430650190554,0.3349116526157755,0.0,4.503984293798361,8.234207183277514,0.6212044925383127
10019,10019,B5,G6350,S,1706504,17866,+40.7657350,-073.9850652,76578,596.5917626472356,MANHATTAN,9.943196044120592,42766,26297,41.4,113335,958800,2328,11.713528597894145,6.072470990247028,76.79081578668924,34.890487779071,76.98596798113854,62.559042229808725,6.149745124631717,18.837394191647572,16.9106299396717,1.1410933919468738,0.16835804143478464,3.7927325445447315,7.3516344759855965,0.5337968257120829
10021,10021,B5,G6350,S,923484,0,+40.7696389,-073.9590160,26430,556.5361331819902,MANHATTAN,9.275602219699836,40642,20568,43.0,149432,1572800,2754,4.178300757877942,3.6954180130913916,79.31277803344071,41.26092959042798,55.37242318164138,84.20599379951774,0.43551006348112786,9.834653806407164,5.710841001919197,0.03936814133162738,0.4059839574824074,2.116037596574972,2.9624526352049605,0.2766406705228869
10314,10314,B5,G6350,S,33661749,1433218,+40.6006986,-074.1643138,58715,514.1305969513753,RICHMOND / STATEN ISLAND,8.568843282522922,94355,31825,41.7,103436,649200,1631,9.476020457396507,4.894223754890907,37.22719894186256,13.491252329706004,24.93008641005499,68.13947326585766,3.524985427375338,18.014943564199033,15.24879444650522,0.3868369455778708,0.0,3.174182608234858,6.759578188755233,0.47316057617524343
10471,10471,B5,G6350,S,4436899,0,+40.8999779,-073.9067485,17874,631.7283204654806,BRONX,10.528805341091344,22888,8924,45.8,111418,371400,1680,7.199679791864712,6.714082503556187,58.60935216755967,32.64125669751583,44.00493052442851,57.693988116043336,10.223698007689618,3.975882558545963,32.03862285914016,0.506815798671793,0.0,13.54858441104509,14.051031108004194,0.5143346260488746
10022,10022,B5,G6350,S,1148424,0,+40.7585663,-073.9679441,40609,567.5906818685513,MANHATTAN,9.459844697809189,33586,18153,48.6,161236,1125600,2754,5.6766193113412,4.74876561138542,83.4687401931727,47.31336518009693,51.165096678235,79.64032632644555,1.4470315012207466,11.748943011969274,10.334663252545703,0.06550348359435479,0.0,2.4682903590781873,4.629905317691895,0.3382948824755847
10023,10023,B5,G6350,S,2510429,95089,+40.7745673,-073.9790155,44725,588.0192062604807,MANHATTAN,9.800320104341345,65706,35742,43.0,151468,1525300,2744,7.059081442507948,5.2716297786720325,83.19364463956515,45.766577341923714,61.85440098483576,71.15027546951572,5.471342038778802,13.9758926125468,9.674915532828052,0.15675889568684745,0.0,3.380208808936779,5.865522174535051,0.4572918416698569
10024,10024,B5,G6350,S,2292582,404929,+40.7856602,-073.9712689,40394,622.0816210328267,MANHATTAN,10.368027017213779,62774,29472,43.1,166994,1743700,2760,8.343406017824623,2.95289496736274,82.7992611331968,46.53656186001687,61.67888165038002,78.5532226718068,2.555198011915761,6.450122662248702,11.990633064644598,0.29152196769363115,0.0,6.241437537834135,5.908497148500972,0.35635319411942623
10025,10025,B5,G6350,S,2302133,0,+40.7982514,-073.9683364,84952,643.8979070533949,MANHATTAN,10.731631784223248,96988,41653,39.8,106916,1105100,1885,14.526249851497447,6.975607922727102,67.31845107503291,38.54486616937253,68.51367248457494,58.4928032333897,10.838454241761868,9.86823112137584,23.580236730317154,0.08660865261681858,0.0,9.974429826370272,10.739472924485503,0.559287729971085
10026,10026,B5,G6350,S,992725,0,+40.8029777,-073.9535293,50817,661.2341342464136,MANHATTAN,11.020568904106893,38265,15237,36.1,68831,1030400,1507,19.826433496762014,6.942915928991818,49.76164680390032,22.769953051643192,80.21920325523398,23.6952828955965,50.25218868417613,6.306023781523586,19.8484254540703,0.07840062720501764,0.0,10.638965111720895,9.029138899777864,0.6284806097430442
10027,10027,B5,G6350,S,2440914,1032,+40.8126570,-073.9549825,99118,688.6188986864141,MANHATTAN,11.476981644773568,65806,24387,31.4,63125,872800,1523,24.33477643354609,10.630400570122042,50.86190699859089,25.549553781117893,86.67732808463525,29.757165000151964,35.925295565753885,8.936875056985686,25.06002492173966,0.6230434914749415,0.06382396741938426,16.673251679178193,8.020545239035954,0.6773292960624843
10451,10451,B5,G6350,S,2735533,9963,+40.8221675,-073.9226159,115214,608.4782057736039,BRONX,10.141303429560065,51311,20965,34.3,34316,243400,1257,36.49925798640943,9.46780762366723,19.74233567935107,6.0509364189431,85.81922251371333,13.61306542456783,45.2748923232835,1.3895655902243185,54.96287345793299,0.4560425639726374,0.5710276548888154,29.198417493325017,9.496988949737872,0.37987457929504764
10452,10452,B5,G6350,S,2543928,0,+40.8377909,-073.9233391,110777,648.0599221860133,BRONX,10.800998703100221,78624,28260,33.1,36536,474400,1323,36.3587215364218,12.319583101560442,14.360759880276097,4.308431576161098,96.69851380042462,13.592541717541717,35.644332519332515,1.103988603988604,65.4380341880342,0.9640822140822141,0.0814000814000814,35.73590761090762,12.877747252747252,0.28175417121063473
10472,10472,B5,G6350,S,2790929,0,+40.8296845,-073.8693733,79210,666.6879560661532,BRONX,11.111465934435888,65283,22114,32.5,40025,581100,1392,31.952589666028768,10.046112008828283,14.187297645999172,3.9022371528031354,83.33634801483223,8.144539926167608,26.7297765114961,8.66381753289524,61.66076926611829,1.1840754867270193,0.059739901658931116,48.475100715347025,6.7429499257080705,0.29453649496259904
10028,10028,B5,G6350,S,819923,0,+40.7764478,-073.9533817,27384,585.725898334794,MANHATTAN,9.7620983055799,45717,24440,41.6,160244,1572100,2550,5.044094798345625,4.881753840842396,81.82301779397292,47.296326834587866,64.3494271685761,82.98007305816218,1.607717041800643,8.521994006605858,7.375812061158869,0.0,0.0,1.9533215215346587,4.936894371896669,0.29565073447596535
10029,10029,B5,G6350,S,2987117,49222,+40.7922493,-073.9473326,120439,670.3281578226322,MANHATTAN,11.172135963710536,75614,33406,38.3,35640,735700,1137,30.939632975027585,8.575240919199407,33.1790291544131,14.174200341284537,93.1629048673891,25.09720422144047,29.273679477345464,11.032348506890258,45.652921416668875,1.0302324966276086,0.01719258338402941,24.098711878752614,9.450630835559553,0.5636156070683734
10030,10030,B5,G6350,S,718112,0,+40.8182473,-073.9428340,45170,718.4262120876688,MANHATTAN,11.973770201461146,31268,13097,37.5,47765,710500,1245,30.63832519907526,10.146989094357515,35.14038876889849,16.475161987041037,85.63793235092005,16.454522195215556,58.375975438147634,3.6267110144556733,29.656517845720863,0.06716131508251247,0.015990789305360114,13.72649353972112,7.733145708072151,0.5180609173670142
10453,10453,B5,G6350,S,2334210,0,+40.8525014,-073.9132877,123309,654.4161091242327,BRONX,10.906935152070544,80385,28456,33.8,34800,524600,1362,34.926618415761965,13.481214700826715,14.906070792960252,3.523828356733241,95.29800393590105,12.168936990732101,32.43391179946508,1.5736766809728182,69.18952540896933,1.5102320084592895,0.35454375816383654,37.53934191702432,14.41935684518256,0.23907649078976612
10454,10454,B5,G6350,S,2745548,0,+40.8055831,-073.9165948,77380,653.7497673817523,BRONX,10.89582945636254,41073,14737,33.1,26400,782900,954,42.05797884091411,13.574326816672814,11.601567045498623,2.5910554284162757,94.30006107077425,13.096194580381274,31.853042144474475,0.43824410196479435,70.25052954495654,2.33486718769021,0.9105738563046284,41.562583692450026,9.804494436734593,0.20486872105315956
10473,10473,B5,G6350,S,5537168,30220,+40.8186904,-073.8584741,73619,627.919816895095,BRONX,10.465330281584917,60087,22795,37.6,51379,542600,1120,21.234496975431718,10.407860585836113,22.341448975061052,8.483189027849726,71.71309497696863,17.153460815151362,37.80518248539618,2.265049012265548,62.20313878209929,0.5874814851798226,0.0,31.542596568309282,10.646229633697805,0.3293543299755921
10474,10474,B5,G6350,S,3973116,10032,+40.8113399,-073.8851728,27559,732.2602779491273,BRONX,12.204337965818787,11280,3808,31.7,40795,434900,1280,33.78543844777244,12.48504188272836,15.117135700604095,6.3209076175040515,90.02100840336135,9.52127659574468,32.5709219858156,0.46099290780141844,70.22163120567376,0.8244680851063829,0.0,41.72872340425532,14.893617021276595,0.1953404396785876
10475,10475,B5,G6350,S,3218509,160996,+40.8756347,-073.8269340,41085,654.6940732627479,BRONX,10.911567887712465,43517,18383,43.5,57003,30800,1207,14.188821930757415,8.965975273321753,25.703197665095097,10.135026780846083,57.84148397976391,8.959716892249006,63.98419008663281,2.33012385964106,30.606429671162992,0.468782314957373,0.0,15.85357446515155,8.403612381368202,0.4561387596514065
10031,10031,B5,G6350,S,1733068,0,+40.8248037,-073.9502057,55819,701.200756014977,MANHATTAN,11.686679266916283,61044,22037,36.1,64807,629900,1794,20.952271268982084,8.00707386750102,40.177386394758464,16.26393073082352,86.99459999092436,22.76718432605989,27.707882838608217,4.123255356791822,50.94685800406265,0.44066574929559005,0.10320424611755456,25.416093309743793,19.441714173383133,0.507718208469359
10032,10032,B5,G6350,S,1742138,0,+40.8390405,-073.9428120,67609,658.8883136860477,MANHATTAN,10.981471894767461,60480,22285,37.3,56752,593000,1519,19.96043086392614,12.970510668904339,36.94624029157808,14.314227448257908,90.70675342158403,21.54100529100529,16.860119047619047,4.646164021164021,65.65806878306879,0.8349867724867726,0.0744047619047619,42.96957671957672,13.073743386243386,0.29011426117514894
10455,10455,B5,G6350,S,1816370,0,+40.8147983,-073.9086010,88727,638.7427840454428,BRONX,10.645713067424047,44380,16254,32.2,35813,344100,1130,29.02371084992187,12.479578392621871,14.30608886450905,3.9056500274273174,88.26750338378245,11.49616944569626,29.815232086525462,1.5953132041460119,74.10094637223975,1.2235241099594412,0.1960342496620099,42.29157278053177,13.382154123479046,0.15162001283113336
10456,10456,B5,G6350,S,2787861,0,+40.8306689,-073.9081637,158461,621.5390663948858,BRONX,10.358984439914764,88575,32370,33.6,33317,403600,1163,36.165095798165346,14.692893332249588,12.717067499818354,3.3804403109787113,93.75656472042014,12.89980242732148,46.85182049110923,0.707874682472481,56.330793113180924,1.4033305108664973,0.0,26.89020604007903,11.246965848151284,0.3613295916488759
10033,10033,B5,G6350,S,1544802,0,+40.8474756,-073.9355098,59198,686.4701510186155,MANHATTAN,11.441169183643591,58711,20521,37.0,77209,702500,1674,16.294531074617073,11.504241671839436,38.932032162737954,17.4512633725059,85.26874908630184,32.68212089727649,7.150278482737477,3.415032958048747,67.19013472773415,2.5378549164551787,0.0,35.69859140535845,18.516121340123657,0.27308989510535875
10034,10034,B5,G6350,S,2648152,11193,+40.8670761,-073.9243120,35702,756.7865385692678,MANHATTAN,12.613108976154463,41570,15879,37.6,65109,491200,1588,15.149178194437752,8.187494503561691,40.26760425822834,18.029104404727025,90.87474022293596,31.185951407264856,12.275679576617753,3.596343516959346,68.98965600192446,1.6815010825114263,0.06254510464277123,36.65143132066394,14.546547991339908,0.2546476969701774
10457,10457,B5,G6350,S,3415414,0,+40.8457068,-073.8979229,137676,604.6033731369301,BRONX,10.076722885615503,79817,26163,30.8,41145,265200,1381,34.67548458345498,13.179144076594762,15.118727458461025,4.84291283590802,93.74689446928869,14.592129496222608,42.77033714622198,0.473583321848729,65.33946402395479,1.0975105553954672,0.10649360411942319,26.157334903591966,14.802610972599823,0.2783758845891834
10458,10458,B5,G6350,S,3162261,0,+40.8624859,-073.8864478,120551,585.1380328657581,BRONX,9.752300547762635,82678,29116,30.5,41550,476200,1512,29.464296960612664,14.335283539751284,14.41326271788316,4.697550780219557,95.84420936941888,11.219429594329808,18.489803817218604,3.338252013836813,71.27530903021359,1.273615713974697,0.012095115992162364,57.52195263552578,8.144851109122136,0.10642020726461598
10035,10035,B5,G6350,S,3638045,0,+40.7952510,-073.9304180,116396,764.2665469603767,MANHATTAN,12.737775782672944,38595,14833,37.1,36989,661800,1116,35.25722789115646,10.74968079284976,29.607383533548198,12.141078230295928,90.2582080496191,20.036274128773158,40.33683119575075,3.3553569115170356,43.02111672496437,1.5727425832361703,0.10104935872522348,23.40717709547869,11.190568726518979,0.5433804365647421
10036,10036,B5,G6350,S,1158340,0,+40.7597915,-073.9906851,86735,563.7668415287947,MANHATTAN,9.39611402547991,30930,18916,39.3,102287,1450400,2269,12.477596376315704,5.78386605783866,67.14280228852283,27.435395307760242,91.73715373229012,58.27028774652441,7.465244099579696,15.981247979308117,20.572259941804074,0.12932428063368898,0.1454898157129001,6.492078887811187,11.516327190430003,0.5695414758083003
10037,10037,B5,G6350,S,602984,0,+40.8130268,-073.9377141,31567,673.4422022998701,MANHATTAN,11.224036704997836,19138,10103,39.3,50177,-666666666,1470,27.36123604423514,9.923245614035087,43.792576115668005,18.504101209509244,93.23963179253687,13.292925070540287,65.80102414045355,3.819625875222071,19.766955794753894,0.40756609886090495,0.0,7.0644790469223535,9.614379768000836,0.4945692009265341
10459,10459,B5,G6350,S,2154070,0,+40.8256945,-073.8930001,93373,658.4430188598417,BRONX,10.974050314330695,51964,17805,32.9,41270,570600,1292,30.647011921199507,13.929149881639603,14.078116377460297,3.869029370286345,87.07666385846672,10.78631360172427,34.065891771226234,0.29635901778154106,67.33507813101379,0.6292818104841813,0.05388345777846201,40.61850511892849,13.549765222076823,0.23552118864453553
10460,10460,B5,G6350,S,3881496,39710,+40.8423439,-073.8790617,106874,659.2659299736138,BRONX,10.98776549956023,59852,21814,34.0,33080,576500,1299,35.90378910463862,14.750364091265544,14.2578125,3.0963541666666665,89.84138626570093,13.458196885651272,34.989641114749716,1.6072980017376195,65.02873755262982,1.040900888859186,0.04678206242063757,31.21533115017042,17.641849896411145,0.3076564406888771
10038,10038,B5,G6350,S,747572,0,+40.7092638,-074.0029028,28732,513.7864054016428,MANHATTAN,8.563106756694047,23343,10646,34.6,99641,886400,3082,20.595006997426754,5.057748924284744,60.78792560461109,22.015568364133344,73.14484313357129,46.20657156320952,10.829799083236944,28.980850790386842,11.103971211926487,0.19277727798483485,0.1670736409201902,4.883691042282483,8.739236601979181,0.668419053571852
10039,10039,B5,G6350,S,774862,0,+40.8262869,-073.9375260,38144,762.1282770553692,MANHATTAN,12.70213795092282,29887,12177,37.5,51904,576900,1158,26.2807428475824,16.63996656683151,29.363213206007966,11.852776044915784,85.10306315184364,10.921136279987955,57.40288419714257,1.8971459162846722,32.72994947636096,0.45170140863920766,0.0,13.989359922374275,15.337772275571318,0.5079635429272973
10040,10040,B5,G6350,S,1468523,0,+40.8580974,-073.9296002,33815,727.1729705751885,MANHATTAN,12.119549509586475,43653,16541,40.3,59115,454000,1623,18.310189528992307,15.600819774980131,37.20347632449819,16.521819812575387,85.23668460189832,28.1492680915401,6.318007926144824,1.9128124069365222,71.79117128261517,1.2736810757565344,0.011453966508601929,48.69997480127368,13.634801731839735,0.14508525977344955
10065,10065,B5,G6350,S,1085419,0,+40.7646840,-073.9632582,26915,584.3369868103288,MANHATTAN,9.738949780172145,30859,16113,38.0,158276,1522200,2792,6.976744186046512,3.355105230837939,85.68117861281245,45.13739447111406,67.50449947247564,77.24488803914579,2.54382838069931,13.694546161573609,8.522635211769662,0.04536763991056094,0.0,0.8166175183900969,5.654752260280631,0.37339351579457736
10069,10069,B5,G6350,S,106197,0,+40.7773824,-073.9888300,1638,591.3547008547008,MANHATTAN,9.85591168091168,6259,3142,40.0,197680,1817100,3286,23.85365074293018,16.752368064952638,86.80333119795003,49.39141575912876,67.40929344366646,44.62374181179102,3.3072375778878413,33.15226074452788,8.803323214571018,0.0,0.0,14.858603610800447,4.05815625499281,0.6583966220771822
10075,10075,B5,G6350,S,489565,0,+40.7734071,-073.9563077,15353,544.954797108057,MANHATTAN,9.08257995180095,23920,12839,44.9,140736,1205100,2328,10.985074626865671,3.2751737394647344,81.2242935740612,47.839324822391966,54.68494431030454,84.10535117056857,2.249163879598662,7.2867892976588635,7.696488294314381,1.1036789297658862,0.3093645484949833,0.5267558528428093,4.418896321070235,0.27877800059563096
10461,10461,B5,G6350,S,6185365,0,+40.8467414,-073.8407884,64213,562.8751810381076,BRONX,9.381253017301793,50868,18807,37.8,64444,626700,1675,16.770636294120013,8.182641925698302,27.054708968273793,10.21733699725206,68.45323549742118,41.428796099709054,9.886372572147518,13.065188330581112,49.74050483604624,0.9573798851930486,0.0,26.181489344971297,8.480773767397972,0.47827870393759253
10128,10128,B5,G6350,S,1173140,0,+40.7815010,-073.9501939,35093,598.6310945202747,MANHATTAN,9.977184908671244,56695,29328,42.3,137253,1365400,2434,9.499335400974745,5.963481545887926,76.83412113883698,42.77234253050457,69.02618657937806,72.71364317841079,5.34791427815504,9.085457271364318,14.17232560190493,0.06173383896287151,0.026457359555516362,4.418379045771232,8.346415027780228,0.431153633353325
10165,10165,B5,G6350,S,13058,0,+40.7521310,-073.9787223,1009,546.6749256689792,MANHATTAN,9.111248761149653,0,0,-666666666.0,-666666666,-666666666,-666666666,0.0,0.0,0.0,0.0,0.0,0.0,0.0,0.0,0.0,0.0,0.0,0.0,0.0,1.0
10167,10167,B5,G6350,S,12396,0,+40.7546485,-073.9747710,86,531.2906976744187,MANHATTAN,8.85484496124031,0,0,-666666666.0,-666666666,-666666666,-666666666,0.0,0.0,0.0,0.0,0.0,0.0,0.0,0.0,0.0,0.0,0.0,0.0,0.0,1.0
10174,10174,B5,G6350,S,13224,0,+40.7514410,-073.9750035,64,562.03125,MANHATTAN,9.3671875,0,0,-666666666.0,-666666666,-666666666,-666666666,0.0,0.0,0.0,0.0,0.0,0.0,0.0,0.0,0.0,0.0,0.0,0.0,0.0,1.0
10278,10278,B5,G6350,S,35671,0,+40.7151383,-074.0037175,576,601.7795138888889,MANHATTAN,10.029658564814815,0,0,-666666666.0,-666666666,-666666666,-666666666,0.0,0.0,0.0,0.0,0.0,0.0,0.0,0.0,0.0,0.0,0.0,0.0,0.0,1.0
10462,10462,B5,G6350,S,3878508,15746,+40.8432666,-073.8604170,77933,623.0031308944863,BRONX,10.383385514908104,77230,29806,35.1,63431,398700,1652,19.298840530564867,9.473847026372097,27.78934381987817,9.393553859202715,77.84674226665771,16.82118347792309,25.380033665673963,16.761621131684578,47.17596788812637,1.0047908843713582,0.0,31.43467564417972,8.597695196167294,0.5503308988125337
10001,10001,B5,G6350,S,1615692,0,+40.7506496,-073.9972929,102183,555.9907910317763,MANHATTAN,9.266513183862939,27004,14375,35.7,106509,535100,2625,15.864472410454985,4.288290318945114,70.92864217327737,28.901570532471823,76.19478260869566,57.13227669974819,8.720930232558139,18.630573248407643,19.278625388831284,0.09257887720337728,0.0,4.736335357724782,10.687305584357873,0.5804424734412306
10002,10002,B5,G6350,S,2129728,0,+40.7159693,-073.9868946,106162,545.9413914583373,MANHATTAN,9.099023190972288,76518,36028,44.2,43362,784800,1136,26.110070442972848,7.594156279319127,38.097191232445205,11.704291901824385,82.72454757410902,31.301131759847355,8.86719464701116,37.363757547243786,25.959904858987425,0.5423560469432029,0.031365168979847875,12.712041611124182,9.182153218850466,0.6625441897794916
10279,10279,B5,G6350,S,10805,0,+40.7126262,-074.0086688,73,552.4794520547945,MANHATTAN,9.207990867579907,161,75,48.3,250001,-666666666,3501,0.0,0.0,57.14285714285714,27.95031055900621,100.0,100.0,0.0,0.0,0.0,0.0,0.0,0.0,0.0,0.0
10280,10280,B5,G6350,S,276532,0,+40.7097053,-074.0165861,2581,515.1778380472686,MANHATTAN,8.586297300787809,8843,4293,45.3,206150,793600,3501,4.59120208074183,1.1318446007953502,86.26910893816279,45.00757471422669,68.66992778942465,68.0764446454823,1.6962569263824494,23.758905348863507,12.326133665045798,1.1421463304308492,0.0,0.9159787402465227,4.410268008594368,0.4624707263165123
10302,10302,B5,G6350,S,3090433,0,+40.6308062,-074.1376638,19205,491.09263212705025,RICHMOND / STATEN ISLAND,8.184877202117503,18567,5945,35.0,75588,529600,1701,17.366401901983032,7.761904761904762,29.39065176604943,10.775756586997307,44.00336417157275,40.394247859104865,22.739268594818764,5.725211396563796,41.90768567889266,1.0987235417676524,0.10233209457639898,17.084073894544083,12.85614261862444,0.5603834590030212
11375,11375,B5,G6350,S,6269573,556542,+40.7229750,-073.8431785,41729,556.5316686237389,QUEENS,9.27552781039565,75212,33312,44.7,103995,559400,2046,6.758943497158142,4.7939199064601,62.24741671348075,29.29881007098718,47.163184438040346,52.43179279902144,3.3252672445886295,28.551295006116046,16.43354783811094,0.35765569324044033,0.0,6.016327181832686,9.317662075200765,0.6031468823657402
11210,11210,B5,G6350,S,4270311,0,+40.6280600,-073.9463086,47379,607.4744718124064,BROOKLYN,10.124574530206774,63426,21652,38.2,82904,799700,1695,11.049986524406677,7.3569482288828345,38.89664154805098,14.982789096660154,56.56752263070386,30.342446315391165,53.10125185255258,5.7673509286412505,7.47485258411377,0.13243780153249457,0.0,4.928578185602119,5.72793491628039,0.6113339584293043
11232,11232,B5,G6350,S,3215315,234,+40.6565408,-074.0051820,30286,451.65251271214424,BROOKLYN,7.527541878535738,28137,9589,35.5,79599,837000,1865,16.25621414913958,7.070382738248138,33.776792313377676,14.757329391475732,77.36990301387006,38.11707005011195,7.182713153498951,15.442300174147919,52.372321142979,2.182180047624125,0.049756548317162454,26.03689092653801,10.98908909976188,0.4710728792140306
11211,11211,B5,G6350,S,3768558,106152,+40.7140845,-073.9451676,46181,570.467508282627,BROOKLYN,9.50779180471045,65511,26822,31.3,94824,1138900,2267,22.95202387328793,6.335966843673099,52.40933271527272,16.550780301525286,85.1763477742152,65.77826624536337,6.591259483140235,6.1043183587489125,26.004793088183664,0.5754758742806552,0.0,13.898429271420069,7.052250767046756,0.4673031272419943
11233,11233,B5,G6350,S,3493736,0,+40.6783015,-073.9199318,107594,650.80678290611,BROOKLYN,10.846779715101833,83125,32516,35.0,57812,992800,1510,23.893054865712866,7.254608868958645,31.095812803653285,12.786485604903088,75.32599335711649,14.256842105263157,70.62375939849625,1.3064661654135339,15.712481203007519,0.5521804511278195,0.03127819548872181,7.019548872180451,6.209924812030075,0.4472295028096558
11212,11212,B5,G6350,S,4002499,0,+40.6629047,-073.9130712,148742,606.0503892646327,BROOKLYN,10.100839821077212,84006,32091,37.2,35840,565200,1150,32.89089813140446,14.224149838393327,15.74208488870455,4.220240564081294,85.56604655510891,6.644763469276003,73.0543056448349,0.7844677761112301,19.480751374901793,0.3106920934218984,0.07856581672737661,9.076732614337072,10.050472585291526,0.4055298705061585
11234,11234,B5,G6350,S,19124670,1485166,+40.6077225,-073.9106494,57082,619.3406502925616,BROOKLYN,10.322344171542692,89976,32606,42.6,91379,715400,1732,9.433226787245653,5.435979807251033,37.87626730280297,16.161838099124264,31.65368337115868,37.6933849026407,43.6738685871788,8.126611540855338,8.895705521472392,0.4334489197119232,0.0,4.43896150084467,5.633724548768561,0.6474995435887119
11101,11101,B5,G6350,S,6700694,254099,+40.7471126,-073.9397082,71060,641.2508162116521,QUEENS,10.687513603527536,34279,16488,34.0,109625,1011200,2556,13.762332498895596,6.050187533488123,62.48278941688684,28.57514977858817,85.74114507520622,38.89553370868462,10.90171825315791,28.35555296245515,20.476093234925173,0.7613991073251846,0.049593045304705506,10.414539513988156,10.62166340908428,0.6923117663738316
11213,11213,B5,G6350,S,2791686,0,+40.6711635,-073.9362822,77228,605.50194230072,BROOKLYN,10.091699038345332,69131,26281,34.0,54211,1100100,1550,23.810013063069675,10.695584995278836,31.883426629783713,12.711550608786565,84.00365282903999,25.79016649549406,59.00970620994923,1.6143264237462212,14.271455642186574,0.011572232428288321,0.03760975539193705,7.118369472450854,6.41824941053941,0.5554574731348396
11215,11215,B5,G6350,S,5668437,58928,+40.6626879,-073.9867402,42353,484.13396925837606,BROOKLYN,8.068899487639602,72014,29465,37.2,173899,1597400,2673,5.861528559035065,6.432514245014246,79.56279839103793,42.33111537160257,59.592737145766165,72.57338850779014,4.040880939817257,9.267642402866109,15.073457938734137,0.33465714999861135,0.0,4.747687949565362,9.035743049962507,0.4299379043049948
11102,11102,B5,G6350,S,1815439,2387,+40.7716000,-073.9256033,25117,542.7640243659673,QUEENS,9.046067072766123,27069,12164,36.0,103409,798900,2184,14.350882440921328,5.605487228003785,56.95367337388863,21.960692559663077,84.69253535021375,52.83165244375485,7.517824818057557,15.959215338579186,25.70098636817023,0.7351582991614023,0.0,13.879345376630091,9.076803723816912,0.5961496503897972
11103,11103,B5,G6350,S,1792583,0,+40.7625964,-073.9132821,24090,543.6249896222499,QUEENS,9.060416493704166,34752,15516,35.3,88116,998200,2042,10.338763154101196,7.785407725321888,53.241467942310436,18.931172354705126,83.73936581593195,60.658379373848994,2.6559622467771637,13.478360957642726,26.62005064456722,0.273365561694291,0.0,11.216620626151013,11.71731123388582,0.5160030876305011
11216,11216,B5,G6350,S,2486719,0,+40.6808525,-073.9492281,67461,603.9994070648227,BROOKLYN,10.066656784413711,62373,26311,34.2,92684,1360500,2048,16.39238568043713,6.503726093074157,54.456986346848154,20.75569572975889,74.694994488997,33.216295512481366,46.17703172847226,4.808170201850159,13.56195789844965,0.08978243791384093,0.03687492985747038,5.584146986676927,10.087698202747983,0.6424360477200748
11217,11217,B5,G6350,S,1908694,8496,+40.6823056,-073.9780993,54866,517.1011919950424,BROOKLYN,8.618353199917374,43045,18912,35.8,152735,1603300,2651,11.069555194881566,6.063540541547171,71.70454888466298,34.64940082706994,70.59538917089678,55.64409339063771,17.739574863514925,9.14159600418167,14.452317342316181,0.15332791264955278,0.02787780229991869,5.138808223951679,12.154721802764548,0.6122435201643244
11218,11218,B5,G6350,S,3527412,0,+40.6431203,-073.9764459,42665,507.5671627797961,BROOKLYN,8.459452712996601,73318,26048,37.3,87759,920900,1879,13.256698643731394,6.463888736790231,49.799568300955904,24.06002672422654,62.054668304668304,56.13628304099948,9.592460241686899,18.04604599143457,16.35205542977168,0.3518917591860116,0.0,7.287432826863799,8.585886139829237,0.6036704994326806
11236,11236,B5,G6350,S,9231367,89767,+40.6394133,-073.9006642,80371,652.9617897002651,BROOKLYN,10.882696495004417,100082,33986,39.8,79885,676300,1608,12.296586074086022,6.5809553674088015,28.43472414927551,9.599347742129279,49.60572000235391,5.0708419096341,81.54113626826003,2.636837793009732,9.108531004576248,0.08093363441977579,0.02098279410883076,4.400391678823365,6.24887592174417,0.31769925200573357
11237,11237,B5,G6350,S,2580676,46803,+40.7041600,-073.9211389,44332,609.3744247947307,BROOKLYN,10.156240413245511,47183,17513,32.6,79136,949700,1998,22.562336585676935,7.785187785187785,39.40607655776163,9.915889454711907,89.10523611031806,31.967022020643025,12.483309666617213,6.584998834325923,55.62808638704618,1.8756755611131128,0.07629866689273679,33.68374202572961,13.328953224678381,0.43686508269476254
11104,11104,B5,G6350,S,1132397,0,+40.7448453,-073.9204681,15721,560.5693658164239,QUEENS,9.342822763607066,26939,11991,38.7,83493,678900,1908,10.81946461148963,6.405114063675106,50.112715238140915,20.849920859513645,79.85155533316654,47.299454322729126,3.144140465496121,26.96462377965032,27.287575633839417,0.3526485764133784,0.03340881250232006,7.509558632465942,14.69616541074279,0.6008677056153144
11105,11105,B5,G6350,S,4231305,0,+40.7790893,-073.9065256,19421,499.25415787034655,QUEENS,8.320902631172443,38756,15851,35.7,97233,1054000,2162,10.220994475138122,8.109577582601423,52.8965746591287,19.338210841370138,72.78405147940194,67.55341108473527,4.368355867478584,8.708329032923935,22.97192692744349,0.59345649705852,0.0,7.565280214676437,11.211167303127258,0.46306337688871757
11219,11219,B5,G6350,S,3865336,0,+40.6326198,-073.9967697,30835,456.8340846440733,BROOKLYN,7.613901410734555,92283,24031,25.8,51194,1055800,1627,32.73495942082955,7.5024791046890495,20.184201652335187,6.006575619625695,73.07644292788481,62.42428182872251,1.5647519044677785,22.00296912757496,13.106422634721454,0.6490902983214677,0.0422613048990605,11.428973917189515,1.8876716188247025,0.531024377176315
11238,11238,B5,G6350,S,4789042,227326,+40.6713305,-073.9659365,49673,569.8100577778672,BROOKLYN,9.496834296297786,58047,26492,35.3,125747,1145100,2368,10.93486683229382,6.570538213700945,70.43179930947075,32.43302303221013,71.12335799486638,51.07929781039503,26.91267421227626,6.632556376729203,13.992109842024567,0.5099316071459334,0.0,3.087153513532138,11.778386479921444,0.6278322424888605
11239,11239,B5,G6350,S,4448124,562057,+40.6468898,-073.8640140,22002,744.8058812835196,BROOKLYN,12.413431354725327,16808,8367,45.7,38670,467600,1018,22.61255320424435,8.130197877831948,24.40105021332458,9.698063669182803,89.90080076490976,17.247739171822943,66.23631603998096,2.6415992384578773,15.909090909090908,1.832460732984293,0.0,6.139933365064255,5.901951451689672,0.4979298985818724
11106,11106,B5,G6350,S,2219078,14591,+40.7622113,-073.9315281,31030,562.5968739929101,QUEENS,9.376614566548502,40198,18516,36.3,81729,662700,1936,12.218120135701458,8.779839781007206,50.83422080227192,19.753444993061606,81.77252106286454,48.44768396437634,7.530225384347481,19.62535449524852,26.732673267326735,0.48261107517786955,0.05472909099955221,13.194686302801134,10.664709687049106,0.620825557700537
11109,11109,B5,G6350,S,119581,6319,+40.7466155,-073.9570094,1207,685.0903065451532,QUEENS,11.418171775752553,7280,3326,33.9,173939,544600,3501,2.0467032967032965,5.22769042270778,84.00285663274416,43.63506516693448,74.71437161755863,54.60164835164834,1.25,32.967032967032964,7.664835164835165,0.0,0.0,1.771978021978022,9.409340659340659,0.577984693877551
11201,11201,B5,G6350,S,3506670,39281,+40.6937005,-073.9898589,103679,548.4320547073178,BROOKLYN,9.140534245121962,69755,32227,35.1,163310,1123700,3110,10.570798997856864,5.38254074364353,78.13161439291899,41.01212237829517,65.20929655258013,60.77557164360978,12.04071392731704,14.278546340764104,11.045803168231668,0.18923374668482545,0.0,3.528062504479965,9.18787183714429,0.5738564422934112
11220,11220,B5,G6350,S,4475329,0,+40.6410260,-074.0166882,68757,424.91960091336153,BROOKLYN,7.081993348556026,93008,27907,36.0,62804,978800,1641,22.18724987561382,7.458611424113721,24.85384309040223,9.20589406610912,72.4621062815781,23.725916050232236,2.470755203853432,40.762084981937036,40.86960261482883,1.366549114054705,0.0,25.799931188714947,5.874763461207638,0.5397087534782594
11355,11355,B5,G6350,S,4446032,0,+40.7514355,-073.8212271,42674,520.5452500351502,QUEENS,8.675754167252503,79495,29690,46.2,52658,718600,1625,20.549018616584306,7.127049592596318,22.786705101049513,8.579254988772277,70.79488043112158,10.074847474683942,2.7888546449462233,72.6448204289578,16.11547896094094,0.5182715894081389,0.061639096798540786,10.127680986225549,3.7838857789798097,0.4236581022269399
11203,11203,B5,G6350,S,5539960,0,+40.6495693,-073.9343269,80864,563.2691556193114,BROOKLYN,9.387819260321857,78506,29411,42.3,68006,646400,1495,14.339200748810482,6.870422463823209,25.616162312051117,9.128330548905462,60.91258372717691,5.6033933712072965,82.12620691412121,1.862278042442616,6.8631696940361255,0.1401166789799506,0.028023335795990114,2.855832675209538,7.384148982243395,0.31106150884181205
11204,11204,B5,G6350,S,4129771,0,+40.6188150,-073.9849419,37987,530.8424460999815,BROOKLYN,8.84737410166636,80575,25118,34.7,64172,1066800,1677,19.219705365926554,7.52219802311945,30.36220032709721,10.233754836650844,64.04172306712319,55.42662116040956,0.8166304685076016,30.732857586099904,11.32857586099907,0.9928637914986037,0.017375116351225565,7.837418554142103,4.176233322991002,0.5774525480208426
11221,11221,B5,G6350,S,3576561,0,+40.6914258,-073.9276256,87165,622.1000401537315,BROOKLYN,10.368334002562191,91236,35245,32.3,77600,1082200,1937,21.49912010558733,8.537175620834729,40.78981713215311,14.305455327120024,78.81401617250674,23.330702792757243,43.151826033583234,5.116401420491911,31.017361567802183,0.7595685913455215,0.08987680301635319,16.188785128677278,11.362839230128458,0.6213568033443106
11358,11358,B5,G6350,S,5067751,0,+40.7603631,-073.7965254,14494,475.4846833172347,QUEENS,7.924744721953912,37647,13179,43.7,84020,938200,1939,9.067426501917343,7.026941862297148,35.92818595464004,14.373390709322424,40.405190075119506,36.374744335538026,1.0757829309108295,48.038356309931736,17.026589104045474,0.2948442106940792,0.0,8.24501288283263,5.971259330092703,0.5974409143597972
11359,11359,B5,G6350,S,648383,0,+40.7916054,-073.7767241,630,459.45238095238096,QUEENS,7.657539682539682,0,0,-666666666.0,-666666666,-666666666,-666666666,0.0,0.0,0.0,0.0,0.0,0.0,0.0,0.0,0.0,0.0,0.0,0.0,0.0,1.0
11205,11205,B5,G6350,S,3033777,376699,+40.6968905,-073.9680736,41638,538.8016955665498,BROOKLYN,8.980028259442497,50319,16861,29.7,74839,883100,2107,29.691911385883564,8.691592751347452,51.75623767173063,20.015918607467903,70.95664551331475,56.113992726405534,23.132415191080906,7.514060295315884,14.123889584451202,0.554462529064568,0.01987320892704545,5.689699715813113,6.975496333392953,0.5978827773019071
11206,11206,B5,G6350,S,3628550,0,+40.7018701,-073.9425516,99791,557.383721978936,BROOKLYN,9.289728699648935,89949,32698,30.4,51507,849400,1434,34.89653633777679,8.561749307052665,32.892168275516234,9.885917939717391,88.9014618631109,43.76702353555904,22.46828758518716,6.43142225038633,36.22386018743955,1.2673848514158024,0.22012473735116564,16.667222537215533,9.178534502884968,0.5862395942797907
11222,11222,B5,G6350,S,3942933,206471,+40.7277898,-073.9476050,29958,615.3592362641031,BROOKLYN,10.255987271068385,40137,19108,34.8,126250,1242800,2479,8.272238208432379,7.222577664036398,64.76617552850736,23.010280345321984,81.64119740422859,73.95420684156763,2.9972344719336275,5.119964122879139,15.59159877419837,0.4708872113012931,0.0,6.430475620998082,11.027231731320228,0.4089307299865478
11360,11360,B5,G6350,S,3563186,0,+40.7804203,-073.7818181,9470,596.1506863780359,QUEENS,9.935844772967265,19719,8692,51.9,100016,679500,2145,6.462619678142188,4.738579491002024,51.44637294170005,26.45432004577532,25.276115968706858,57.37613469242863,1.2982402758760587,30.88899031391044,10.345352198387342,0.7505451594908464,0.0,4.224352147674831,5.461737410619199,0.5596898660574294
11361,11361,B5,G6350,S,4437987,49214,+40.7641909,-073.7727748,14001,519.2427683736876,QUEENS,8.65404613956146,29544,10886,43.5,102343,870100,2302,8.179401305113421,4.676559388449926,46.72483160797432,21.518014556303964,37.98456733419071,44.476035743298134,3.906038451123748,40.44137557541294,14.767803953425398,0.4366368805848903,0.0,5.006092607636068,5.733820741944219,0.6094903900878331
11207,11207,B5,G6350,S,7044635,0,+40.6701572,-073.8938353,144372,677.3388053085085,BROOKLYN,11.288980088475142,96801,34831,35.4,52569,632600,1476,25.893387525402535,11.127343559775992,19.183261139087442,5.41380313164863,71.5052682954839,12.571151124471855,60.883668557143,1.4875879381411348,32.82714021549364,0.166320595861613,0.001033047179264677,16.591770746169978,8.298467991033151,0.4711131918728806
11208,11208,B5,G6350,S,6931906,0,+40.6748470,-073.8724799,118232,793.2300138710332,BROOKLYN,13.220500231183886,108180,34321,33.8,56298,621500,1506,21.339957310764586,6.379484588175846,15.363618078901245,4.4249058989167604,72.28227615745462,17.263819559992605,48.90090589757811,8.079127380292107,38.98410057311887,0.07025328156775744,0.23664263264928823,19.004437049362174,6.4448141985579595,0.5322864346997932
11005,11005,B5,G6350,S,475148,0,+40.7566433,-073.7142398,4611,595.038169594448,QUEENS,9.917302826574135,2175,1555,82.9,81328,603900,2211,6.39080459770115,0.0,66.39080459770115,39.2183908045977,6.045016077170418,96.9655172413793,0.0,3.0344827586206895,1.1494252873563218,0.0,0.0,0.0,0.0,0.05871592020081917
11223,11223,B5,G6350,S,5361174,0,+40.5970910,-073.9734691,49210,521.2780735622841,BROOKLYN,8.687967892704735,80113,26748,37.3,61356,1037900,1596,20.78664360382041,8.439919219118142,33.5703827651119,13.023140841588866,64.02347839090773,50.95302884675396,5.585859972788437,27.287706115112403,14.862756356646237,0.3582439803777165,0.013730605519703419,11.959357407661678,3.842073071786102,0.6249150305792347
11225,11225,B5,G6350,S,2265820,0,+40.6631194,-073.9538673,51053,591.6811157032887,BROOKLYN,9.861351928388144,58476,24873,36.0,82716,1170800,1730,15.308705318966991,6.618162692847125,46.3845559143208,16.135340397471463,81.8879909942508,29.627539503386004,55.34407278199603,3.295369040290033,10.824953827211163,0.10431630070456255,0.0,4.961009644982557,6.6676927286408105,0.5862122803491701
11362,11362,B5,G6350,S,5379030,39269,+40.7602038,-073.7324174,7851,577.0149025601834,QUEENS,9.616915042669723,18426,7164,50.3,113688,669000,2426,6.395666921982711,5.619180134860323,52.76647681041497,21.840249525359372,24.65103294249023,40.54054054054054,2.664712905676761,48.898295886247695,9.22609356344296,0.0,0.0,3.0066210789102357,4.889829588624769,0.5840249531072739
11001,11001,B5,G6350,S,5711668,34951,+40.7233167,-073.7049494,1942,506.6040164778579,QUEENS,8.443400274630966,26138,8519,43.6,145325,684600,2046,3.544468712878875,4.029432375613175,53.0222006157835,21.5308161832226,14.344406620495365,55.9568444410437,5.922411814216849,24.611676486341725,16.194812150891423,0.8646415180962583,0.0,6.6454969775805335,5.998928762720943,0.5884852657098607
11004,11004,B5,G6350,S,2463268,0,+40.7461911,-073.7115068,8103,489.94829075650995,QUEENS,8.165804845941832,15702,5290,45.2,112311,647400,1954,9.151325845683525,5.205751115518096,48.04181878526386,21.2163956189844,32.17391304347826,27.41052095274487,5.413323143548592,51.77047509871354,12.240478919882818,0.0,0.006368615462998345,8.546681951343778,6.852630238186218,0.6269343503390048
11235,11235,B5,G6350,S,6363901,1149829,+40.5842200,-073.9431668,73761,490.6620029554914,BROOKLYN,8.17770004925819,83069,34769,46.7,61320,727200,1595,16.721327464917522,5.680006074872807,49.64756600270619,21.3080965417414,62.39178578618885,69.5205190865425,2.5641334312439055,14.85993571609144,9.09725649761042,0.027687825783384898,0.0,5.555622434361796,7.472101505976959,0.47700468722502676
11370,11370,B5,G6350,S,3997507,0,+40.7653925,-073.8942155,37311,415.27501273083004,QUEENS,6.9212502121805,28164,8140,39.0,71618,844700,2044,10.358159493563326,9.842217484008529,24.87531758727769,8.32784417050908,50.712530712530715,37.31359181934384,11.330066751881834,24.570373526487714,37.991762533731006,1.455759125124272,0.07101264024996448,16.822894475216586,8.436301661695781,0.6075942935609902
11364,11364,B5,G6350,S,6498280,0,+40.7462507,-073.7560621,13388,538.9205258440394,QUEENS,8.982008764067324,38124,13822,44.8,100577,758300,2268,6.074151985274783,4.505304970469869,47.97202292966074,19.68850272199589,29.894371292142964,34.95435945860875,3.045325779036827,48.9901374462281,16.433217920470046,0.8839576120029378,0.0,5.30112265239744,6.825097051725947,0.6023369295314867
11365,11365,B5,G6350,S,6439314,46201,+40.7396342,-073.7944896,22843,507.53915860438644,QUEENS,8.458985976739774,46424,16361,42.4,82655,885800,1708,10.913207547169812,6.553387510321151,37.81637868094427,14.672061328790459,52.09339282439949,27.02266069274513,11.763312079958641,43.22979493365501,21.236860244701017,0.10554885404101327,0.0,9.251680165431674,8.627003274168533,0.6651550982998894
11226,11226,B5,G6350,S,3373771,0,+40.6464089,-073.9566626,106799,608.3799005608666,BROOKLYN,10.139665009347777,101053,38458,35.7,75947,807000,1672,14.435418924427564,5.93287736599332,34.90239230549782,12.878510005298121,85.88850174216029,15.012914015417653,64.50674398582922,3.152801005413001,14.866456216045046,1.5328589947849147,0.0,8.832988629728954,6.961693368826259,0.5253704199116671
11366,11366,B5,G6350,S,3946393,0,+40.7311205,-073.7804580,11734,426.0875234361684,QUEENS,7.1014587239361395,13659,4640,43.4,114881,928200,2022,9.59663120567376,5.0710227272727275,51.823475329451426,21.20747778118296,31.594827586206897,36.3496595651219,5.403030968592137,42.32374258730508,13.998096493154696,0.0,0.0,10.718207775093346,5.205359103887547,0.6520287872513549
11228,11228,B5,G6350,S,3877759,0,+40.6167251,-074.0134316,20393,472.9662138969254,BROOKLYN,7.882770231615424,44196,15474,43.2,83980,1122100,1732,12.839882591185237,5.842129417163837,37.67858781778689,13.687398660017744,43.77665761923226,53.45053851027243,1.2489818083084443,35.25884695447552,12.68666847678523,0.2918816182459951,0.0,6.154403113403928,3.595347995293692,0.5686453732036807
11367,11367,B5,G6350,S,4952610,0,+40.7304720,-073.8227409,19837,520.8681756313958,QUEENS,8.681136260523264,43286,14647,36.3,76888,631500,1711,13.325729493394164,5.60091133472565,44.196712058138715,18.736329640866437,52.7070389840923,47.4472115695606,8.515455343529085,27.320611745136997,18.451693388162454,0.2841565402208566,0.0,10.160328974726239,6.2722358268262255,0.6446714347465108
11369,11369,B5,G6350,S,2807334,0,+40.7634909,-073.8722195,25651,606.2740633893416,QUEENS,10.104567723155693,32177,9736,40.0,72342,704400,1888,15.59349074664965,8.001502629601804,21.695340191925304,7.283651767960578,43.744864420706655,18.569164309910807,17.568449513627744,14.858439257854988,58.678559219318146,0.783168101438916,0.01864685955806943,37.75989060509059,10.44224135251888,0.41471257463311084
11040,11040,B5,G6350,S,12455623,66036,+40.7453467,-073.6802919,2619,500.9282168766705,QUEENS,8.348803614611175,42140,13670,43.5,144174,769800,2493,3.4700465204595083,4.848231302003439,54.36321930786876,21.50526910674512,12.333577176298464,44.89321309919316,1.0560037968675842,42.89985761746559,12.005220692928335,1.0322733744660655,0.0,4.724727100142383,5.393925011865211,0.5946478104602622
11230,11230,B5,G6350,S,4773124,0,+40.6220886,-073.9651896,47929,569.4900790752989,BROOKLYN,9.49150131792165,90245,31897,35.8,65051,859100,1680,18.905577964477526,6.4169930104595245,42.58442721267717,18.872163938303515,69.77458695175095,62.61842761371821,8.771677101224444,15.986481245498366,11.794559255360408,0.7568286331652723,0.05318854230151255,6.435813618483019,5.377583245609175,0.5536397276280189
11372,11372,B5,G6350,S,1913029,0,+40.7517193,-073.8836703,53504,533.9056892942584,QUEENS,8.898428154904307,67001,25359,41.3,73089,428800,1760,14.407582938388625,8.8260224623861,34.14527275986377,15.95132346790416,64.58062226428487,34.49351502216385,3.299950747003776,23.01308935687527,52.38429277174967,0.47014223668303456,0.2671601916389308,21.250429098073162,17.205713347561975,0.4777681618597779
11373,11373,B5,G6350,S,3915486,0,+40.7389446,-073.8785609,64672,503.32137555665514,QUEENS,8.38868959261092,102618,32644,37.6,67489,659200,1835,10.822344808598091,5.542359461599366,30.4307141874226,8.222099903674144,72.42678593309644,11.221228244557485,1.5445633319690502,49.117113956615796,42.282055779687774,0.8029780350425851,0.04092849207741332,31.39897483872225,5.874213101015417,0.46503867870681925
11374,11374,B5,G6350,S,2445084,0,+40.7264570,-073.8614588,25538,536.1212702639205,QUEENS,8.935354504398674,47230,19800,41.4,86006,481200,1953,11.69723794526961,4.757943110688536,52.21847795563044,21.437798371244032,59.79797979797979,42.92610628837603,4.113910650010586,30.51238619521491,22.127884818970994,0.16938386618674572,0.05293245818335803,10.245606605970782,11.97967393605759,0.6471259605117363
11378,11378,B5,G6350,S,6306169,122157,+40.7247442,-073.9096392,18441,527.3943387018057,QUEENS,8.789905645030096,39250,12818,39.8,90572,815800,1931,10.492224649787946,6.86651418560514,27.04568226518722,8.253237837236057,48.04181619597441,56.74394904458598,1.2789808917197452,13.594904458598725,36.812738853503184,0.7261146496815286,0.0,18.14012738853503,9.515923566878982,0.481834502008195
11434,11434,B5,G6350,S,8405426,106288,+40.6778566,-073.7770725,69950,597.5478341672623,QUEENS,9.959130569454372,68182,22986,40.0,71728,551800,1375,12.231695683281659,9.58314790090491,22.105711849957373,7.757885763000852,51.822848690507264,3.9409228242058023,80.00938664163563,2.9905253585990437,11.72303540523892,0.195066146490276,0.0,6.960781437916165,5.90331759115309,0.33532546878800407
11379,11379,B5,G6350,S,5738388,0,+40.7170611,-073.8805189,16190,543.2397776405188,QUEENS,9.053996294008646,38261,13810,44.9,89500,863900,1881,7.542778556504722,4.424233081547711,35.96911142946993,14.217827317516335,41.91165821868211,68.2313583021876,1.3251091189461854,12.252685502208516,22.03287943336557,0.1934084315621651,0.0,10.423146284728576,7.574292360366954,0.45411004618655626
11385,11385,B5,G6350,S,9363087,82983,+40.7006472,-073.8894227,57455,581.9265686189192,QUEENS,9.698776143648653,105521,37167,36.0,85127,834400,1857,11.50818893899834,6.3405241454520676,33.06926970742645,10.733515044913194,69.91686173218177,60.34249106812862,3.664673382549445,6.907629760900674,45.22322570862672,0.4169786108926185,0.0,14.573402450697017,14.094824726831625,0.3841276434052946
11435,11435,B5,G6350,S,3912570,0,+40.7010799,-073.8096404,69172,562.1644740646504,QUEENS,9.369407901077507,59961,19350,36.1,76915,525000,1775,13.439101699487457,11.274313984574254,33.385845566296695,12.569519035684449,64.79069767441861,16.002068010873735,24.967895798935974,23.115024766097964,29.254015109821385,1.0023181734794284,0.0,29.21565684361502,5.697036406997881,0.684342075841845
11436,11436,B5,G6350,S,2065627,0,+40.6758637,-073.7966472,17946,623.3686058174524,QUEENS,10.389476763624206,21349,6136,38.2,87685,573500,2018,10.829199149539335,7.054402596293449,22.51713479371052,7.572906867356538,32.35006518904824,3.438100145205864,62.90692772495199,6.421846456508501,12.918637875310319,0.6417162396365169,0.0,17.405967492622608,9.185441941074524,0.543501474739553
11411,11411,B5,G6350,S,3054399,0,+40.6940638,-073.7362653,13062,521.489281886388,QUEENS,8.6914880314398,21329,6602,46.5,117018,591400,1650,5.194069317215979,5.7805469020422295,32.47365158090514,14.314941103533787,14.056346561647986,3.802334849266257,87.80533545876507,1.4674855830090487,6.681044587181771,0.0,0.0,3.305358901026771,3.619485207932861,0.2204949373320494
11412,11412,B5,G6350,S,4260491,0,+40.6980199,-073.7590809,30324,549.5463329376072,QUEENS,9.15910554896012,40593,11753,40.5,96094,597500,1554,9.36827790827049,4.9469795115397535,25.196714522363333,9.093732744340144,25.39777078192802,2.1900327642697017,81.55346981006576,3.2000591234941984,7.639248146232109,0.7710689035055305,0.3990835858399232,7.22538368684256,4.660902125982312,0.320095283478403
11414,11414,B5,G6350,S,5979139,178512,+40.6576043,-073.8448040,17959,657.4224065927947,QUEENS,10.95704010987991,30374,11401,45.9,95370,596300,1978,6.160684886401054,8.247866312845154,31.185383244206772,13.213012477718362,22.822559424611878,69.84262856390335,4.227299664186476,5.629814973332455,24.711924672417197,0.2633831566471324,0.0,7.822479752419833,12.214393889510767,0.42513111569322803
11415,11415,B5,G6350,S,1450699,0,+40.7080854,-073.8280442,14102,607.042972627996,QUEENS,10.117382877133268,20315,8588,41.6,88306,373500,1863,8.108108108108109,5.6207319208544915,50.82084225553176,23.145804944520147,57.92966930600838,48.29928624169333,7.9793256214619745,22.633522028058085,22.943637706128474,0.8614324390844204,0.029534826482894412,11.385675609155795,8.811223234063501,0.6356808278474475
11416,11416,B5,G6350,S,1708434,0,+40.6845860,-073.8497132,19222,594.8609926126313,QUEENS,9.91434987687719,27794,7485,36.8,84085,724200,1840,12.975879104911364,7.567912617916164,25.602798708288482,6.883745963401506,50.688042752171015,19.792041447794485,5.0154709649564655,33.99294811829891,45.07807440454775,0.5180974311002374,0.0,25.25365186730949,15.427790170540403,0.551953476540356
11417,11417,B5,G6350,S,2883937,0,+40.6764060,-073.8445955,22721,608.5328110558514,QUEENS,10.142213517597524,31200,9377,36.6,84419,669800,1847,10.921721232392102,6.5327960895699855,26.073765051673465,9.884327296861667,43.254772315239414,24.66346153846154,8.541666666666666,29.03846153846154,38.416666666666664,0.4230769230769231,0.0,22.17628205128205,15.157051282051281,0.627797838593031
11418,11418,B5,G6350,S,4298206,0,+40.7003154,-073.8360186,31353,574.7329442158646,QUEENS,9.578882403597742,38317,11681,39.3,79101,729400,1775,11.866066701958708,6.2356130748375875,29.938189678055437,11.596071442114445,50.868932454413155,27.75530443406321,8.8159302659394,23.477829683952294,41.54291828692225,1.1770232533862255,0.0,25.852754651982153,12.921157710676724,0.6038193279437216
11419,11419,B5,G6350,S,2917756,0,+40.6886125,-073.8230616,38842,579.9431800628186,QUEENS,9.665719667713642,48096,12908,41.4,90818,654700,1868,10.775564797592427,8.644027546900974,20.089285714285715,6.488853503184713,37.33343662844747,6.395542248835662,14.920159680638722,34.075598802395206,17.847638057218894,1.6134397870924817,0.135146373918829,29.732202262142383,13.127910844976714,0.7197833909484757
11420,11420,B5,G6350,S,5459080,0,+40.6735016,-073.8177023,33180,624.8922543701025,QUEENS,10.414870906168375,51153,13836,40.9,97919,654700,1969,10.101326852595887,8.991291727140784,21.432023195876287,6.668814432989691,28.158427291124603,8.79127323910621,22.24502961703126,33.48972689773816,21.265614919946042,2.0311614177076613,0.26195922037808145,16.992160772584207,16.18868883545442,0.7299082573293817
11421,11421,B5,G6350,S,3327832,0,+40.6940354,-073.8586591,22811,627.5234755161983,QUEENS,10.458724591936639,41552,11840,39.3,81324,665300,1903,9.84519675925926,7.101736504341261,26.464126330243737,7.902506007552351,47.93918918918919,26.66297651135926,5.248844820947247,18.059299191374663,59.06574894108587,0.41393916056988833,0.15161725067385445,28.703792837889875,20.759530227185213,0.41915741743920776
11423,11423,B5,G6350,S,3645124,0,+40.7156688,-073.7682985,23587,553.1298596684614,QUEENS,9.218830994474358,29921,9946,43.9,79500,678700,1662,10.961923168209406,9.512613585816865,34.514078110808356,11.916439600363306,42.006836919364574,12.676715350422779,33.68202934393904,30.717556231409375,14.665285251161391,0.9591925403562716,0.016710671434778248,15.159921125630829,6.787874736806924,0.7269364153316712
11426,11426,B5,G6350,S,3555218,0,+40.7364067,-073.7223571,9700,496.1276288659794,QUEENS,8.268793814432989,19733,6108,45.6,112325,653300,2131,6.467686988356129,4.630152456239413,42.40355069989757,15.513827244793447,29.174852652259332,27.061267926823092,5.903815942836872,46.88592712714742,17.969898140171285,0.0,0.0,11.153904626767345,8.995084376425277,0.650630420240346
11697,11697,B5,G6350,S,5302645,0,+40.5571317,-073.9137216,1778,920.0005624296963,QUEENS,15.333342707161604,3946,1533,50.1,134563,660700,-666666666,3.852002027369488,3.4242910647405025,52.46913580246913,25.720164609053498,3.131115459882583,97.11099847947288,0.2280790674100355,1.1150532184490625,3.3958438925494168,0.0,0.0,0.0,1.5458692346680183,0.05542371431455906
11427,11427,B5,G6350,S,4062875,0,+40.7309425,-073.7457159,26059,545.820023792164,QUEENS,9.097000396536066,25187,8046,44.3,84691,678400,1665,10.829845460399227,6.694347936615541,34.65330704045195,13.90502584874487,36.77603778274919,20.137372454043753,22.658514312939214,34.59721284789772,20.963195299162265,0.5280501846190495,0.0,13.24492793901616,8.8339222614841,0.719091013015474
11428,11428,B5,G6350,S,2154074,0,+40.7209926,-073.7422028,15139,495.5960763590726,QUEENS,8.259934605984544,19554,6153,45.9,89593,645300,1763,9.69421956376012,7.8960179145166,27.326419888743903,8.715060778792665,25.80854867544287,11.787869489618492,20.834611844123966,31.937199549964202,26.183900992124375,0.3937813235143705,0.0,24.337731410453102,10.708806382325866,0.7014224927868558
11429,11429,B5,G6350,S,3420397,0,+40.7095558,-073.7384796,19933,500.22465258616364,QUEENS,8.337077543102728,27845,8038,41.8,95721,609200,1452,8.467624854819977,10.28368794326241,27.26070593022073,10.202420913437086,27.59392883801941,5.189441551445502,67.09283533848087,7.4232357694379605,15.018854372418748,1.3072364876997664,0.0,10.66618782546238,8.321063027473514,0.5006234206809036
11432,11432,B5,G6350,S,5240658,0,+40.7149339,-073.7929549,75077,517.5964143479362,QUEENS,8.626606905798935,64268,20036,38.9,72001,781100,1768,13.749940127408875,8.211310275183035,36.82915371020783,13.178676092257444,59.822319824316224,15.03392045808178,17.330553308022655,42.98873467355449,21.026016057758138,0.8106678284682891,0.10269496483475446,15.902159706230162,7.831269060807868,0.6868633310594353
11433,11433,B5,G6350,S,3964952,0,+40.6980905,-073.7867521,49589,593.167980802194,QUEENS,9.886133013369902,38865,10886,34.5,73118,586800,1321,13.989153281262166,14.883091183669217,17.368087967724072,4.7385491654141285,53.15083593606467,4.16827479737553,56.150778335263084,15.517818088254213,13.876238260645826,1.7290621381705906,0.0,17.20828508941207,5.225781551524508,0.6069939386650962
11249,11249,B5,G6350,S,1851085,0,+40.7045010,-073.9660018,18360,626.7606753812636,BROOKLYN,10.446011256354392,45087,17047,30.2,113946,1249000,2644,24.132709864172792,6.783124323891182,57.10593412734448,23.18116726624987,81.12277820144307,68.1637722625147,8.847339587907822,5.768846896001064,19.810588417947525,0.4812917248874398,0.0,7.39902854481336,9.339720983875619,0.47074780719973985
